value	uses	family	L.fg	L.bg	L.ln	D.fg	D.bg	D.ln
#ffffff	473	neutral	#ffffff	#ffffff	#ffffff	#ffffff	#2a2a2a	#ffffff
#e5e7eb	297	neutral	#ffffff	#b8b8b8	#0c0c0c	#ffffff	#0c0c0c	#777777
#9ca3af	280	neutral	#0c0c0c	#555555	#0c0c0c	#b8b8b8	#777777	#777777
#1f4e79	272	blue	#3c28bc	#3c28bc	#3c28bc	#ffffff	#8d33cc	#8d33cc
#6b7280	230	neutral	#0c0c0c	#555555	#0c0c0c	#b8b8b8	#777777	#777777
#374151	198	neutral	#0c0c0c	#0c0c0c	#0c0c0c	#ffffff	#555555	#777777
#f3f4f6	126	neutral	#ffffff	#b8b8b8	#0c0c0c	#ffffff	#0c0c0c	#777777
#111111	101	neutral	#0c0c0c	#0c0c0c	#0c0c0c	#ffffff	#555555	#777777
#dc2626	83	red	#ba1428	#ba1428	#ba1428	#ff0206	#ff0206	#ff0206
#92400e	82	amber	#0c0c0c	#ffe02c	#0c0c0c	#ffe02c	#ffe02c	#ffe02c
#9b1c1c	70	red	#0c0c0c	#ba1428	#ba1428	#ff0206	#ff0206	#ff0206
#03543f	56	green	#0c0c0c	#00cc05	#0c0c0c	#00cc05	#00cc05	#00cc05
#fef3c7	40	amber	#0c0c0c	#ffe02c	#0c0c0c	#ffe02c	#0c0c0c	#777777
#d1d5db	39	neutral	#555555	#555555	#0c0c0c	#777777	#777777	#777777
#f9fafb	35	neutral	#ffffff	#b8b8b8	#0c0c0c	#ffffff	#0c0c0c	#777777
#ebf3fb	35	blue	#3c28bc	#ffffff	#0c0c0c	#ffffff	#0c0c0c	#777777
#8296a4	32	neutral	#0c0c0c	#555555	#0c0c0c	#b8b8b8	#777777	#777777
#fef2f2	32	red	#ba1428	#ffffff	#0c0c0c	#ff0206	#0c0c0c	#777777
#fca5a5	31	red	#ba1428	#ba1428	#ba1428	#ff0206	#ff0206	#ff0206
#9cb4cc	29	neutral	#555555	#555555	#0c0c0c	#777777	#777777	#777777
#fde8e8	28	red	#ba1428	#ff0206	#0c0c0c	#ff0206	#0c0c0c	#777777
#5c6f7c	28	neutral	#0c0c0c	#555555	#0c0c0c	#b8b8b8	#777777	#777777
#def7ec	25	green	#0c0c0c	#00cc05	#0c0c0c	#00cc05	#0c0c0c	#777777
#fffbeb	24	amber	#0c0c0c	#ffe02c	#0c0c0c	#ffe02c	#0c0c0c	#777777
#8c3a2b	24	red	#0c0c0c	#ba1428	#ba1428	#ff0206	#ff0206	#ff0206
#1e40af	23	blue	#3c28bc	#3c28bc	#3c28bc	#ffffff	#8d33cc	#8d33cc
#e1f2e9	23	neutral	#ffffff	#00cc05	#0c0c0c	#ffffff	#0c0c0c	#777777
#991b1b	23	red	#0c0c0c	#ba1428	#ba1428	#ff0206	#ff0206	#ff0206
#eef2f5	23	neutral	#ffffff	#b8b8b8	#0c0c0c	#ffffff	#0c0c0c	#777777
#fde68a	22	amber	#0c0c0c	#ffe02c	#0c0c0c	#ffe02c	#ffe02c	#ffe02c
#d2dce3	22	neutral	#555555	#b8b8b8	#0c0c0c	#777777	#0c0c0c	#777777
#166534	22	green	#0c0c0c	#00cc05	#0c0c0c	#00cc05	#00cc05	#00cc05
#f0fdf4	21	green	#0c0c0c	#00cc05	#0c0c0c	#00cc05	#0c0c0c	#777777
#1b8a5a	20	green	#0c0c0c	#00cc05	#0c0c0c	#00cc05	#00cc05	#00cc05
#bfdbfe	19	blue	#3c28bc	#ffffff	#0c0c0c	#ffffff	#0c0c0c	#777777
#b45309	19	amber	#0c0c0c	#ffe02c	#0c0c0c	#ffe02c	#ffe02c	#ffe02c
#f2f6f9	19	neutral	#ffffff	#b8b8b8	#0c0c0c	#ffffff	#0c0c0c	#777777
#b91c1c	19	red	#ba1428	#ba1428	#ba1428	#ff0206	#ff0206	#ff0206
#4b5563	18	neutral	#0c0c0c	#555555	#0c0c0c	#ffffff	#777777	#777777
#dbeafe	18	blue	#3c28bc	#ffffff	#0c0c0c	#ffffff	#0c0c0c	#777777
#065f46	18	green	#0c0c0c	#00cc05	#0c0c0c	#00cc05	#00cc05	#00cc05
#f6ebd6	18	amber	#0c0c0c	#ffe02c	#0c0c0c	#ffe02c	#0c0c0c	#777777
#8792a0	18	neutral	#0c0c0c	#555555	#0c0c0c	#b8b8b8	#777777	#777777
#d9e0e8	18	neutral	#555555	#b8b8b8	#0c0c0c	#777777	#0c0c0c	#777777
#12232e	17	neutral	#0c0c0c	#0c0c0c	#0c0c0c	#ffffff	#555555	#777777
#eff6ff	16	blue	#3c28bc	#ffffff	#0c0c0c	#ffffff	#0c0c0c	#777777
#9a6512	16	amber	#0c0c0c	#ffe02c	#0c0c0c	#ffe02c	#ffe02c	#ffe02c
#fee2e2	15	red	#ba1428	#ff0206	#0c0c0c	#ff0206	#0c0c0c	#777777
#ede9fe	15	blue	#3c28bc	#ffffff	#0c0c0c	#ffffff	#0c0c0c	#777777
#c22b2b	15	red	#ba1428	#ba1428	#ba1428	#ff0206	#ff0206	#ff0206
#d97706	15	amber	#0c0c0c	#ffe02c	#0c0c0c	#ffe02c	#ffe02c	#ffe02c
#5b21b6	14	purple	#8d33cc	#8d33cc	#8d33cc	#ffffff	#8d33cc	#8d33cc
#2e75b6	14	blue	#3c28bc	#3c28bc	#3c28bc	#ffffff	#8d33cc	#8d33cc
#b02a37	13	red	#ba1428	#ba1428	#ba1428	#ff0206	#ff0206	#ff0206
#16a34a	13	green	#0c0c0c	#00cc05	#0c0c0c	#00cc05	#00cc05	#00cc05
#66717f	13	neutral	#0c0c0c	#555555	#0c0c0c	#b8b8b8	#777777	#777777
#1a2230	12	neutral	#0c0c0c	#0c0c0c	#0c0c0c	#ffffff	#555555	#777777
#17803d	11	green	#0c0c0c	#00cc05	#0c0c0c	#00cc05	#00cc05	#00cc05
#becad3	11	neutral	#555555	#555555	#0c0c0c	#777777	#777777	#777777
#1e6091	11	blue	#3c28bc	#3c28bc	#3c28bc	#ffffff	#8d33cc	#8d33cc
#48535f	11	neutral	#0c0c0c	#555555	#0c0c0c	#ffffff	#777777	#777777
#5b6b7a	10	neutral	#0c0c0c	#555555	#0c0c0c	#b8b8b8	#777777	#777777
#86efac	10	green	#0c0c0c	#00cc05	#0c0c0c	#00cc05	#00cc05	#00cc05
#d3dae4	10	neutral	#555555	#b8b8b8	#0c0c0c	#777777	#0c0c0c	#777777
#f8faff	8	neutral	#555555	#ffffff	#0c0c0c	#777777	#2a2a2a	#777777
#c9d6e2	8	neutral	#555555	#555555	#0c0c0c	#777777	#777777	#777777
#b23a3a	8	red	#ba1428	#ba1428	#ba1428	#ff0206	#ff0206	#ff0206
#3730a3	7	blue	#3c28bc	#3c28bc	#3c28bc	#ffffff	#8d33cc	#8d33cc
#a9b7c2	7	neutral	#555555	#555555	#0c0c0c	#777777	#777777	#777777
#c08a7e	7	neutral	#0c0c0c	#555555	#0c0c0c	#b8b8b8	#777777	#777777
#fcd34d	7	amber	#0c0c0c	#ffe02c	#0c0c0c	#ffe02c	#ffe02c	#ffe02c
#ecfdf5	7	green	#0c0c0c	#00cc05	#0c0c0c	#00cc05	#0c0c0c	#777777
#6d28d9	7	purple	#8d33cc	#8d33cc	#8d33cc	#ffffff	#8d33cc	#8d33cc
#f9e4e4	7	red	#ba1428	#ffffff	#0c0c0c	#ff0206	#0c0c0c	#777777
#e8eef4	6	neutral	#ffffff	#b8b8b8	#0c0c0c	#ffffff	#0c0c0c	#777777
#78350f	6	amber	#0c0c0c	#ffe02c	#0c0c0c	#ffe02c	#ffe02c	#ffe02c
#a7f3d0	6	green	#0c0c0c	#00cc05	#0c0c0c	#00cc05	#00cc05	#00cc05
#98a2b0	6	neutral	#0c0c0c	#555555	#0c0c0c	#b8b8b8	#777777	#777777
#f8fafc	6	neutral	#ffffff	#b8b8b8	#0c0c0c	#ffffff	#0c0c0c	#777777
#f59e0b	6	amber	#0c0c0c	#ffe02c	#0c0c0c	#ffe02c	#ffe02c	#ffe02c
#059669	6	green	#0c0c0c	#00cc05	#0c0c0c	#00cc05	#00cc05	#00cc05
#e0e7ff	5	blue	#3c28bc	#ffffff	#0c0c0c	#ffffff	#0c0c0c	#777777
#8a97a5	5	neutral	#0c0c0c	#555555	#0c0c0c	#b8b8b8	#777777	#777777
#0e3a5c	5	blue	#3c28bc	#3c28bc	#3c28bc	#ffffff	#8d33cc	#8d33cc
#c5d3df	5	neutral	#555555	#555555	#0c0c0c	#777777	#777777	#777777
#c3cfda	5	neutral	#555555	#555555	#0c0c0c	#777777	#777777	#777777
#fecaca	5	red	#ba1428	#ff0206	#0c0c0c	#ff0206	#0c0c0c	#777777
#d6e4f0	5	neutral	#555555	#b8b8b8	#0c0c0c	#777777	#0c0c0c	#777777
#d1fae5	5	green	#0c0c0c	#00cc05	#0c0c0c	#00cc05	#0c0c0c	#777777
#14181d	5	neutral	#0c0c0c	#0c0c0c	#0c0c0c	#ffffff	#555555	#777777
#e6f4ec	4	neutral	#ffffff	#00cc05	#0c0c0c	#ffffff	#0c0c0c	#777777
#eef3f8	4	neutral	#ffffff	#b8b8b8	#0c0c0c	#ffffff	#0c0c0c	#777777
#d4a72c	4	amber	#0c0c0c	#ffe02c	#0c0c0c	#ffe02c	#ffe02c	#ffe02c
#fff8e5	4	amber	#0c0c0c	#ffe02c	#0c0c0c	#ffe02c	#0c0c0c	#777777
#2f6b4f	4	green	#0c0c0c	#00cc05	#0c0c0c	#00cc05	#00cc05	#00cc05
#f7e9e5	4	red	#ba1428	#ff0206	#0c0c0c	#ff0206	#0c0c0c	#777777
#fafbfc	4	neutral	#ffffff	#b8b8b8	#0c0c0c	#ffffff	#0c0c0c	#777777
#334155	4	neutral	#0c0c0c	#0c0c0c	#0c0c0c	#ffffff	#555555	#777777
#0f766e	4	blue	#3c28bc	#3c28bc	#3c28bc	#ffffff	#8d33cc	#8d33cc
#f1d9a8	4	amber	#0c0c0c	#ffe02c	#0c0c0c	#ffe02c	#ffe02c	#ffe02c
#f3f6f9	4	neutral	#ffffff	#b8b8b8	#0c0c0c	#ffffff	#0c0c0c	#777777
#e9eef4	4	neutral	#ffffff	#b8b8b8	#0c0c0c	#ffffff	#0c0c0c	#777777
#1d2a38	4	neutral	#0c0c0c	#0c0c0c	#0c0c0c	#ffffff	#555555	#777777
#2a3a4c	4	neutral	#0c0c0c	#0c0c0c	#0c0c0c	#ffffff	#555555	#777777
#1f2937	3	neutral	#0c0c0c	#0c0c0c	#0c0c0c	#ffffff	#555555	#777777
#fbefd7	3	amber	#0c0c0c	#ffe02c	#0c0c0c	#ffe02c	#0c0c0c	#777777
#c77a0a	3	amber	#0c0c0c	#ffe02c	#0c0c0c	#ffe02c	#ffe02c	#ffe02c
#143d5c	3	blue	#3c28bc	#3c28bc	#3c28bc	#ffffff	#8d33cc	#8d33cc
#8a97a3	3	neutral	#0c0c0c	#555555	#0c0c0c	#b8b8b8	#777777	#777777
#eaf4ef	3	neutral	#ffffff	#00cc05	#0c0c0c	#ffffff	#0c0c0c	#777777
#fff8e8	3	amber	#0c0c0c	#ffe02c	#0c0c0c	#ffe02c	#0c0c0c	#777777
#f0d9a8	3	amber	#0c0c0c	#ffe02c	#0c0c0c	#ffe02c	#ffe02c	#ffe02c
#7a5210	3	amber	#0c0c0c	#ffe02c	#0c0c0c	#ffe02c	#ffe02c	#ffe02c
#fbd5d5	3	red	#ba1428	#ff0206	#0c0c0c	#ff0206	#0c0c0c	#777777
#bcf0da	3	green	#0c0c0c	#00cc05	#0c0c0c	#00cc05	#00cc05	#00cc05
#bbf7d0	3	green	#0c0c0c	#00cc05	#0c0c0c	#00cc05	#0c0c0c	#777777
#eef2f7	3	neutral	#ffffff	#b8b8b8	#0c0c0c	#ffffff	#0c0c0c	#777777
#fbebeb	3	red	#ba1428	#ff0206	#0c0c0c	#ff0206	#0c0c0c	#777777
#e2e8f0	3	neutral	#ffffff	#b8b8b8	#0c0c0c	#ffffff	#0c0c0c	#777777
#475569	3	neutral	#0c0c0c	#555555	#0c0c0c	#ffffff	#777777	#777777
#f3e8ff	3	purple	#8d33cc	#ffffff	#0c0c0c	#ffffff	#0c0c0c	#777777
#ccfbf1	3	green	#0c0c0c	#ffffff	#0c0c0c	#00cc05	#0c0c0c	#777777
#14202b	3	neutral	#0c0c0c	#0c0c0c	#0c0c0c	#ffffff	#555555	#777777
#f7f9fb	3	neutral	#ffffff	#b8b8b8	#0c0c0c	#ffffff	#0c0c0c	#777777
#101a2a	3	neutral	#0c0c0c	#0c0c0c	#0c0c0c	#ffffff	#555555	#777777
#e4f3ec	3	neutral	#ffffff	#00cc05	#0c0c0c	#ffffff	#0c0c0c	#777777
#177a54	3	green	#0c0c0c	#00cc05	#0c0c0c	#00cc05	#00cc05	#00cc05
#e7eff7	3	blue	#3c28bc	#ffffff	#0c0c0c	#ffffff	#0c0c0c	#777777
#fbeedd	3	amber	#0c0c0c	#ffe02c	#0c0c0c	#ffe02c	#0c0c0c	#777777
#b4690e	3	amber	#0c0c0c	#ffe02c	#0c0c0c	#ffe02c	#ffe02c	#ffe02c
#10151b	3	neutral	#0c0c0c	#0c0c0c	#0c0c0c	#ffffff	#555555	#777777
#93a2b4	3	neutral	#0c0c0c	#555555	#0c0c0c	#b8b8b8	#777777	#777777
#d9821a	3	amber	#0c0c0c	#ffe02c	#0c0c0c	#ffe02c	#ffe02c	#ffe02c
#eaeff4	3	neutral	#ffffff	#b8b8b8	#0c0c0c	#ffffff	#0c0c0c	#777777
#fdf9f0	3	amber	#0c0c0c	#ffe02c	#0c0c0c	#ffe02c	#0c0c0c	#777777
#f0f9ff	2	blue	#3c28bc	#ffffff	#0c0c0c	#ffffff	#0c0c0c	#777777
#bae6fd	2	blue	#3c28bc	#ffffff	#0c0c0c	#ffffff	#0c0c0c	#777777
#f0f2f5	2	neutral	#ffffff	#b8b8b8	#0c0c0c	#ffffff	#0c0c0c	#777777
#c5d3e1	2	neutral	#555555	#555555	#0c0c0c	#777777	#777777	#777777
#9a6700	2	amber	#0c0c0c	#ffe02c	#0c0c0c	#ffe02c	#ffe02c	#ffe02c
#ede9f5	2	neutral	#ffffff	#b8b8b8	#0c0c0c	#ffffff	#0c0c0c	#777777
#4a3a75	2	neutral	#0c0c0c	#555555	#0c0c0c	#ffffff	#777777	#777777
#8e7cc3	2	blue	#3c28bc	#3c28bc	#3c28bc	#ffffff	#8d33cc	#8d33cc
#84e1bc	2	green	#0c0c0c	#00cc05	#0c0c0c	#00cc05	#00cc05	#00cc05
#fafafa	2	neutral	#ffffff	#b8b8b8	#0c0c0c	#ffffff	#0c0c0c	#777777
#7f1d1d	2	red	#0c0c0c	#ba1428	#ba1428	#ff0206	#ff0206	#ff0206
#075985	2	blue	#3c28bc	#3c28bc	#3c28bc	#ffffff	#8d33cc	#8d33cc
#e8f4ec	2	neutral	#ffffff	#b8b8b8	#0c0c0c	#ffffff	#0c0c0c	#777777
#9a3412	2	red	#0c0c0c	#ba1428	#ba1428	#ff0206	#ff0206	#ff0206
#f1f5f9	2	neutral	#ffffff	#b8b8b8	#0c0c0c	#ffffff	#0c0c0c	#777777
#375623	2	green	#0c0c0c	#00cc05	#0c0c0c	#00cc05	#00cc05	#00cc05
#7030a0	2	purple	#8d33cc	#8d33cc	#8d33cc	#ffffff	#8d33cc	#8d33cc
#1f3864	2	blue	#3c28bc	#3c28bc	#3c28bc	#ffffff	#8d33cc	#8d33cc
#7f6000	2	amber	#0c0c0c	#ffe02c	#0c0c0c	#ffe02c	#ffe02c	#ffe02c
#a7d9bf	2	green	#0c0c0c	#00cc05	#0c0c0c	#00cc05	#00cc05	#00cc05
#c7d0d8	2	neutral	#555555	#555555	#0c0c0c	#777777	#777777	#777777
#94a3b8	2	neutral	#0c0c0c	#555555	#0c0c0c	#b8b8b8	#777777	#777777
#000000	2	neutral	#0c0c0c	#0c0c0c	#0c0c0c	#ffffff	#555555	#777777
#c0392b	2	red	#ba1428	#ba1428	#ba1428	#ff0206	#ff0206	#ff0206
#6b8e23	2	green	#0c0c0c	#00cc05	#0c0c0c	#00cc05	#00cc05	#00cc05
#6d3bb5	2	purple	#8d33cc	#8d33cc	#8d33cc	#ffffff	#8d33cc	#8d33cc
#141d28	2	neutral	#0c0c0c	#0c0c0c	#0c0c0c	#ffffff	#555555	#777777
#f8e7e8	2	red	#ba1428	#ffffff	#0c0c0c	#ff0206	#0c0c0c	#777777
#bfd3e8	2	blue	#3c28bc	#3c28bc	#3c28bc	#ffffff	#8d33cc	#8d33cc
#fbf0e1	2	amber	#0c0c0c	#ffe02c	#0c0c0c	#ffe02c	#0c0c0c	#777777
#e3b6ba	2	red	#ba1428	#ba1428	#ba1428	#ff0206	#ff0206	#ff0206
#fdecec	2	red	#ba1428	#ff0206	#0c0c0c	#ff0206	#0c0c0c	#777777
#e1effe	2	blue	#3c28bc	#ffffff	#0c0c0c	#ffffff	#0c0c0c	#777777
#1e429f	2	blue	#3c28bc	#3c28bc	#3c28bc	#ffffff	#8d33cc	#8d33cc
#14532d	2	green	#0c0c0c	#00cc05	#0c0c0c	#00cc05	#00cc05	#00cc05
#e3eaf0	2	neutral	#ffffff	#b8b8b8	#0c0c0c	#ffffff	#0c0c0c	#777777
#fce7f3	2	purple	#8d33cc	#ffffff	#0c0c0c	#ffffff	#0c0c0c	#777777
#9d174d	2	red	#0c0c0c	#ba1428	#ba1428	#ff0206	#ff0206	#ff0206
#0c4a6e	1	blue	#3c28bc	#3c28bc	#3c28bc	#ffffff	#8d33cc	#8d33cc
#b6d0e8	1	blue	#3c28bc	#3c28bc	#3c28bc	#ffffff	#8d33cc	#8d33cc
#e5c98a	1	amber	#0c0c0c	#ffe02c	#0c0c0c	#ffe02c	#ffe02c	#ffe02c
#f3fbf7	1	neutral	#ffffff	#b8b8b8	#0c0c0c	#ffffff	#0c0c0c	#777777
#e0f2fe	1	blue	#3c28bc	#ffffff	#0c0c0c	#ffffff	#0c0c0c	#777777
#f7f8fa	1	neutral	#ffffff	#b8b8b8	#0c0c0c	#ffffff	#0c0c0c	#777777
#f5f9ff	1	blue	#3c28bc	#ffffff	#0c0c0c	#ffffff	#0c0c0c	#777777
#eda100	1	amber	#0c0c0c	#ffe02c	#0c0c0c	#ffe02c	#ffe02c	#ffe02c
#2a78d6	1	blue	#3c28bc	#3c28bc	#3c28bc	#ffffff	#8d33cc	#8d33cc
#4a3aa7	1	blue	#3c28bc	#3c28bc	#3c28bc	#ffffff	#8d33cc	#8d33cc
#8a94a3	1	neutral	#0c0c0c	#555555	#0c0c0c	#b8b8b8	#777777	#777777
#ffedd5	1	amber	#0c0c0c	#ffe02c	#0c0c0c	#ffe02c	#0c0c0c	#777777
#ffe4e6	1	red	#ba1428	#ff0206	#0c0c0c	#ff0206	#0c0c0c	#777777
#9f1239	1	red	#0c0c0c	#ba1428	#ba1428	#ff0206	#ff0206	#ff0206
#6b21a8	1	purple	#8d33cc	#8d33cc	#8d33cc	#ffffff	#8d33cc	#8d33cc
#5b9bd5	1	blue	#3c28bc	#3c28bc	#3c28bc	#ffffff	#8d33cc	#8d33cc
#843c0c	1	amber	#0c0c0c	#ffe02c	#0c0c0c	#ffe02c	#ffe02c	#ffe02c
#0f172a	1	neutral	#0c0c0c	#0c0c0c	#0c0c0c	#ffffff	#555555	#777777
#163a5c	1	blue	#3c28bc	#3c28bc	#3c28bc	#ffffff	#8d33cc	#8d33cc
#e7eef6	1	neutral	#ffffff	#b8b8b8	#0c0c0c	#ffffff	#0c0c0c	#777777
#7c1d1d	1	red	#0c0c0c	#ba1428	#ba1428	#ff0206	#ff0206	#ff0206
#f3d2d2	1	red	#ba1428	#ff0206	#0c0c0c	#ff0206	#0c0c0c	#777777
#27ae60	1	green	#0c0c0c	#00cc05	#0c0c0c	#00cc05	#00cc05	#00cc05
#8e44ad	1	purple	#8d33cc	#8d33cc	#8d33cc	#ffffff	#8d33cc	#8d33cc
#0e7490	1	blue	#3c28bc	#3c28bc	#3c28bc	#ffffff	#8d33cc	#8d33cc
#be185d	1	red	#ba1428	#ba1428	#ba1428	#ff0206	#ff0206	#ff0206
#fff4e0	1	amber	#0c0c0c	#ffe02c	#0c0c0c	#ffe02c	#0c0c0c	#777777
#b5e0c9	1	green	#0c0c0c	#00cc05	#0c0c0c	#00cc05	#00cc05	#00cc05
#fbfcfd	1	neutral	#ffffff	#ffffff	#ffffff	#ffffff	#2a2a2a	#ffffff
#f3c7c7	1	red	#ba1428	#ff0206	#0c0c0c	#ff0206	#0c0c0c	#777777
#7a2e2e	1	red	#0c0c0c	#ba1428	#ba1428	#ff0206	#ff0206	#ff0206
#eaf1f8	1	blue	#3c28bc	#ffffff	#0c0c0c	#ffffff	#0c0c0c	#777777
#fbf1e1	1	amber	#0c0c0c	#ffe02c	#0c0c0c	#ffe02c	#0c0c0c	#777777
#1b4067	1	blue	#3c28bc	#3c28bc	#3c28bc	#ffffff	#8d33cc	#8d33cc
#f0f6fc	1	blue	#3c28bc	#ffffff	#0c0c0c	#ffffff	#0c0c0c	#777777
#eee7f8	1	purple	#8d33cc	#ffffff	#0c0c0c	#ffffff	#0c0c0c	#777777
#f0b4b4	1	red	#ba1428	#ba1428	#ba1428	#ff0206	#ff0206	#ff0206
#7a1f1f	1	red	#0c0c0c	#ba1428	#ba1428	#ff0206	#ff0206	#ff0206
#9a5a5a	1	neutral	#0c0c0c	#555555	#0c0c0c	#b8b8b8	#777777	#777777
#e08c20	1	amber	#0c0c0c	#ffe02c	#0c0c0c	#ffe02c	#ffe02c	#ffe02c
#e7ecf2	1	neutral	#ffffff	#b8b8b8	#0c0c0c	#ffffff	#0c0c0c	#777777
#a7d8c0	1	green	#0c0c0c	#00cc05	#0c0c0c	#00cc05	#00cc05	#00cc05
#f4d9b0	1	amber	#0c0c0c	#ffe02c	#0c0c0c	#ffe02c	#ffe02c	#ffe02c
#fff7ed	1	amber	#0c0c0c	#ffffff	#0c0c0c	#ffe02c	#0c0c0c	#777777
#f5c2c2	1	red	#ba1428	#ff0206	#0c0c0c	#ff0206	#0c0c0c	#777777
#fbfdfe	1	neutral	#555555	#ffffff	#0c0c0c	#777777	#2a2a2a	#777777
#eef2ff	1	blue	#3c28bc	#ffffff	#0c0c0c	#ffffff	#0c0c0c	#777777
#edf1f4	1	neutral	#ffffff	#b8b8b8	#0c0c0c	#ffffff	#0c0c0c	#777777
#ead9b0	1	amber	#0c0c0c	#ffe02c	#0c0c0c	#ffe02c	#ffe02c	#ffe02c
#fffdf7	1	amber	#0c0c0c	#ffe02c	#0c0c0c	#ffe02c	#0c0c0c	#777777
#bfd9f2	1	blue	#3c28bc	#3c28bc	#3c28bc	#ffffff	#8d33cc	#8d33cc
#fcfcfd	1	neutral	#ffffff	#ffffff	#ffffff	#ffffff	#2a2a2a	#ffffff
#fffdf5	1	amber	#0c0c0c	#ffe02c	#0c0c0c	#ffe02c	#0c0c0c	#777777
#047857	1	green	#0c0c0c	#00cc05	#0c0c0c	#00cc05	#00cc05	#00cc05
#eef0f2	1	neutral	#ffffff	#b8b8b8	#0c0c0c	#ffffff	#0c0c0c	#777777
#fafcfe	1	neutral	#555555	#ffffff	#0c0c0c	#777777	#2a2a2a	#777777
#f5f3ff	1	blue	#3c28bc	#ffffff	#0c0c0c	#ffffff	#0c0c0c	#777777